Player,Pos,To,AP1,PB,St,wAV,G,Cmp,Att,Yds,TD,Int,Att,Yds,TD,Rec,Yds,TD,Solo,Int,Sk,-9999
Hamza Abdullah,DB,2011,0,0,1,5,47,0,0,0,0,0,0,0,0,0,0,0,68,,,AbduHa20
Rich Alexis,RB,2007,0,0,0,0,4,0,0,0,0,0,3,5,0,0,0,0,1,,,AlexRi00
Otis Amey,WR,2005,0,0,0,1,11,0,0,0,0,0,0,0,0,0,0,0,,,,AmeyFr00
Jason Anderson,RB,2005,0,0,0,0,1,0,0,0,0,0,0,0,0,0,0,0,1,,,AndeJa02
Ben Archibald,T,2005,0,0,0,0,5,0,0,0,0,0,0,0,0,0,0,0,,,,ArchBe20
J.J. Arrington,RB,2008,0,0,0,12,58,0,1,0,0,0,183,654,3,91,693,2,3,,,ArriJ.00
O.J. Atogwe,DB,2011,0,0,6,34,101,0,0,0,0,0,0,0,0,0,0,0,376,25,5.5,AtogO.20
Adrian Awasom,DE,2011,0,0,0,1,18,0,0,0,0,0,0,0,0,0,0,0,13,,1.0,AwasAd20
David Baas,G-C,2013,0,0,6,36,122,0,0,0,0,0,0,0,0,0,0,0,,,,BaasDa20
Jonathan Babineaux,DE-DT,2016,0,0,10,52,185,0,0,0,0,0,0,0,0,0,0,0,291,4,27.0,BabiJo20
Billy Bajema,TE,2013,0,0,4,2,120,0,0,0,0,0,0,0,0,40,416,2,11,,,BajeBi00
Marion Barber III,RB,2011,0,1,3,39,99,0,1,0,0,0,1156,4780,53,179,1330,6,1,,,BarbMa01
Khalif Barnes,T,2017,0,0,7,51,154,0,0,0,0,0,0,0,0,3,9,1,1,,,BarnKh20
Alex Barron,T,2010,0,0,5,27,87,0,0,0,0,0,0,0,0,0,0,0,,,,BarrAl20
Ron Bartell,DB,2012,0,0,4,25,96,0,0,0,0,0,0,0,0,0,0,0,321,8,2.0,BartRo20
Cedric Benson,RB,2012,0,0,6,36,96,0,0,0,0,0,1600,6017,32,120,833,1,1,,,BensCe00
Adam Bergen,TE,2006,0,0,1,3,30,0,0,0,0,0,0,0,0,43,381,2,,,,BergAd00
Joe Berger,T,2017,0,0,5,37,145,0,0,0,0,0,0,0,0,0,0,0,3,,,BergJo20
Atari Bigby,DB,2012,0,0,3,19,72,0,0,0,0,0,0,0,0,0,0,0,186,10,1.0,BigbAt20
Ryon Bingham,DT,2008,0,0,0,6,49,0,0,0,0,0,0,0,0,0,0,0,46,,4.5,BingRy20
Rob Bironas,K,2013,1,1,0,29,144,0,0,0,0,0,0,0,0,0,0,0,17,,,bironrob01
Chase Blackburn,LB,2014,0,0,3,26,132,0,0,0,0,0,0,0,0,0,0,0,257,4,4.5,BlacCh21
Darryl Blackstock,LB,2011,0,0,0,6,74,0,0,0,0,0,0,0,0,0,0,0,75,,4.0,BlacDa20
Patrick Body,DB,2005,0,0,0,0,6,0,0,0,0,0,0,0,0,0,0,0,4,,,BodyPa20
Michael Boley,LB,2013,0,0,8,41,131,0,0,0,0,0,0,0,0,0,0,0,542,8,9.5,BoleMi20
Fred Booker,DB,2005,0,0,0,1,12,0,0,0,0,0,0,0,0,0,0,0,7,,,BookFr20
Mark Bradley,WR,2009,0,0,0,10,57,2,2,63,1,0,2,20,0,92,1283,9,2,,,BradMa00
John Bronson,TE,2006,0,0,0,0,3,0,0,0,0,0,0,0,0,1,25,0,1,,,BronJo00
Greg Brooks,DB,2006,0,0,0,1,16,0,0,0,0,0,0,0,0,0,0,0,7,,,BrooGr20
Nehemiah Broughton,FB,2006,0,0,0,0,6,0,0,0,0,0,1,3,0,0,0,0,2,,,BrouNe00
C.C. Brown,DB,2011,0,0,3,19,83,0,0,0,0,0,0,0,0,0,0,0,295,3,1.0,BrowC.20
Elton Brown,G,2008,0,0,1,8,34,0,0,0,0,0,0,0,0,0,0,0,,,,BrowEl20
Jammal Brown,T,2011,1,2,6,49,85,0,0,0,0,0,0,0,0,0,0,0,,,,BrowJa55
Jason Brown,C,2011,0,0,6,30,100,0,0,0,0,0,0,0,0,0,0,0,,,,BrowJa23
Reggie Brown,WR,2009,0,0,3,20,72,0,0,0,0,0,11,68,1,177,2574,17,1,,,BrowRe01
Ronnie Brown,RB,2014,0,1,6,41,132,4,12,63,2,0,1281,5391,38,246,1966,2,1,,,BrowRo05
Anthony Bryant,DT,2010,0,0,0,2,15,0,0,0,0,0,0,0,0,0,0,0,7,,,BryaAn20
Romby Bryant,WR,2005,0,0,0,0,3,0,0,0,0,0,0,0,0,0,0,0,,,,BryaRo00
Dan Buenning,G,2008,0,0,1,10,36,0,0,0,0,0,0,0,0,0,0,0,1,,,BuenDa20
Josh Bullocks,DB,2010,0,0,3,21,90,0,0,0,0,0,0,0,0,0,0,0,235,6,1.0,BullJo20
Tim Bulman,DT,2011,0,0,0,6,49,0,0,0,0,0,0,0,0,0,0,0,39,,4.0,BulmTi20
Kevin Burnett,LB,2013,0,0,4,40,136,0,0,0,0,0,0,0,0,0,0,0,495,5,20.0,BurnKe20
James Butler,DB,2011,0,0,3,21,101,0,0,0,0,0,0,0,0,0,0,0,239,11,,ButlJa20
Kelly Butler,T-TE,2006,0,0,1,8,22,0,0,0,0,0,0,0,0,0,0,0,,,,ButlKe21
Terry Butler,RB,2005,0,0,0,0,1,0,0,0,0,0,0,0,0,0,0,0,1,,,ButlTe20
Jeremy Calahan,DT,2005,0,0,0,0,1,0,0,0,0,0,0,0,0,0,0,0,1,,,CalaJe20
Rolando Cantu,T,2005,0,0,0,0,1,0,0,0,0,0,0,0,0,0,0,0,,,,CantRo20
Chris Canty,DE,2015,0,0,9,46,148,0,0,0,0,0,0,0,0,0,0,0,234,,22.5,CantCh21
Chris Carr,DB,2013,0,0,1,17,125,0,0,0,0,0,0,0,0,0,0,0,195,7,2.5,CarrCh22
Drew Carter,WR,2007,0,0,0,8,33,0,0,0,0,0,2,18,0,71,977,8,,,,CartDr00
Jerome Carter,DB,2007,0,0,0,3,33,0,0,0,0,0,0,0,0,0,0,0,62,2,,CartJe20
Ran Carthon,RB,2006,0,0,0,0,9,0,0,0,0,0,16,22,2,1,10,0,,,,CartRa00
Antoine Cash,LB,2006,0,0,0,1,19,0,0,0,0,0,0,0,0,0,0,0,11,,,CashAn20
Matt Cassel,QB,2018,0,1,6,47,107,1578,2683,17508,104,82,268,1025,5,1,-4,0,,,,CassMa00
Luis Castillo,DE-DT,2011,0,0,6,33,82,0,0,0,0,0,0,0,0,0,0,0,152,2,19.0,CastLu20
Kory Chapman,RB,2005,0,0,0,0,3,0,0,0,0,0,0,0,0,0,0,0,,,,ChapKo00
Bam Childress,WR,2006,0,0,0,0,3,0,0,0,0,0,0,0,0,5,39,0,,,,ChilBr00
Brad Cieslak,TE,2008,0,0,0,0,12,0,0,0,0,0,0,0,0,6,46,0,1,,,CiesBr00
Adrien Clarke,G,2007,0,0,1,8,28,0,0,0,0,0,0,0,0,0,0,0,,,,ClarAd20
Ben Claxton,G,2009,0,0,0,0,3,0,0,0,0,0,0,0,0,0,0,0,,,,ClaxBe20
Mark Clayton,WR,2011,0,0,5,28,83,2,5,32,1,0,26,118,2,260,3448,14,1,,,ClayMa01
Nic Clemons,DE,2008,0,0,0,2,18,0,0,0,0,0,0,0,0,0,0,0,9,,,ClemNi20
DeAndra Cobb,RB,2005,0,0,0,0,3,0,0,0,0,0,0,0,0,0,0,0,,,,CobbDe00
Shaun Cody,DT,2012,0,0,4,28,112,0,0,0,0,0,0,0,0,0,0,0,122,1,3.0,CodySh20
Trent Cole,DE-LB,2016,0,2,9,68,176,0,0,0,0,0,0,0,0,0,0,0,467,1,90.5,ColeTr20
Jerome Collins,TE,2005,0,0,0,0,3,0,0,0,0,0,0,0,0,0,0,0,,,,CollJe00
Nick Collins,DB,2011,0,3,6,48,95,0,0,0,0,0,0,0,0,0,0,0,345,21,1.0,CollNi20
Dustin Colquitt,P,2021,0,2,0,24,255,1,2,6,0,0,3,-3,0,0,0,0,8,,,ColqDu20
Jon Condo,LB,2019,0,2,0,20,181,0,0,0,0,0,0,0,0,0,0,0,38,,,CondJo20
Dan Connolly,G,2014,0,0,4,40,89,0,0,0,0,0,0,0,0,0,0,0,,,,ConnDa21
Sean Considine,DB,2012,0,0,2,15,99,0,0,0,0,0,1,3,0,0,0,0,195,4,2.5,ConsSe20
Curome Cox,DB,2007,0,0,0,5,43,0,0,0,0,0,0,0,0,0,0,0,49,2,,CoxxCu20
Josh Cribbs,WR,2014,1,3,2,21,136,6,15,83,0,1,141,808,2,110,1175,7,90,,,CribJo01
Channing Crowder,LB,2010,0,0,6,31,82,0,0,0,0,0,0,0,0,0,0,0,343,1,2.5,CrowCh20
Ronnie Cruz,RB,2006,0,0,0,0,19,0,0,0,0,0,5,19,0,3,35,0,5,,,CruzRo00
Travis Daniels,DB,2012,0,0,1,13,107,0,0,0,0,0,0,0,0,0,0,0,145,6,,DaniTr20
Chauncey Davis,DE,2011,0,0,1,20,102,0,0,0,0,0,0,0,0,0,0,0,150,2,11.0,DaviCh22
Jim Davis,DE,2005,0,0,0,0,1,0,0,0,0,0,0,0,0,0,0,0,1,,,DaviJi20
Rashied Davis,DB,2011,0,0,1,14,103,0,0,0,0,0,3,14,0,92,1095,5,44,,,DaviRa00
Thomas Davis,LB,2020,1,3,12,80,199,0,0,0,0,0,0,0,0,0,0,0,859,13,29.0,DaviTh20
Patrick Dendy,DB,2007,0,0,0,3,23,0,0,0,0,0,0,0,0,0,0,0,48,3,,DendPa20
John Denney,DE-C,2018,0,2,0,26,224,0,0,0,0,0,0,0,0,0,0,0,37,,,DennJo20
Todd Devoe,WR,2006,0,0,0,1,15,0,0,0,0,0,0,0,0,9,87,1,8,,,DevoTo00
Joel Dreessen,TE,2013,0,0,4,16,120,0,0,0,0,0,0,0,0,158,1767,19,31,,,DreeJo00
Kevin Dudley,RB,2006,0,0,0,0,2,0,0,0,0,0,0,0,0,0,0,0,,,,DudlKe00
Wesley Duke,TE,2005,0,0,0,0,3,0,0,0,0,0,0,0,0,2,22,1,,,,DukeWe00
Braylon Edwards,WR,2012,0,1,5,41,112,0,1,0,0,0,4,11,0,359,5522,40,,,,EdwaBr00
Dovonte Edwards,DB,2007,0,0,0,1,17,0,0,0,0,0,0,0,0,0,0,0,30,1,,EdwaDo21
Isaiah Ekejiuba,LB,2011,0,0,0,5,76,0,0,0,0,0,0,0,0,0,0,0,53,,,EkejIs20
Dante Ellington,T,2005,0,0,0,0,2,0,0,0,0,0,0,0,0,0,0,0,,,,ElliDa20
Ben Emanuel,DB,2005,0,0,0,3,11,0,0,0,0,0,0,0,0,0,0,0,34,1,0.5,EmanBe20
Jamar Enzor,LB,2005,0,0,0,0,1,0,0,0,0,0,0,0,0,0,0,0,,,,EnzoJa20
Paul Ernster,K,2008,0,0,0,2,22,0,0,0,0,0,0,0,0,0,0,0,3,,,ErnsPa20
Trai Essex,T,2012,0,0,1,19,76,0,0,0,0,0,0,0,0,0,0,0,,,,EsseTr20
Patrick Estes,TE,2007,0,0,0,0,8,0,0,0,0,0,0,0,0,0,0,0,,,,EstePa00
Liam Ezekiel,LB,2005,0,0,0,0,2,0,0,0,0,0,0,0,0,0,0,0,2,,,EzekLi20
Jonathan Fanene,DE,2011,0,0,1,12,71,0,0,0,0,0,0,0,0,0,0,0,71,1,13.5,FaneJo20
Heath Farwell,LB,2013,0,1,0,11,114,0,0,0,0,0,0,0,0,0,0,0,118,,,FarwHe20
Ciatrick Fason,RB,2006,0,0,0,1,18,0,0,0,0,0,50,161,5,3,19,0,3,,,FasoCi00
Ronald Fields,DT,2011,0,0,2,13,87,0,0,0,0,0,0,0,0,0,0,0,102,,1.0,FielRo20
Alfred Fincher,LB,2008,0,0,0,3,38,0,0,0,0,0,0,0,0,0,0,0,18,,,FincAl20
Ryan Fitzpatrick,QB,2021,0,0,10,78,166,3072,5060,34990,223,169,574,2625,21,3,-3,0,,,,FitzRy00
Bryan Fletcher,TE,2007,0,0,1,8,46,0,0,0,0,0,0,0,0,54,547,5,1,,,FletBr00
Ryan Flinn,P,2005,0,0,0,0,2,0,0,0,0,0,0,0,0,0,0,0,,,,FlinRy20
Therrian Fontenot,DB,2006,0,0,0,0,2,0,0,0,0,0,0,0,0,0,0,0,1,,,FontTh20
Carl Ford,WR,2005,0,0,0,0,10,0,0,0,0,0,0,0,0,0,0,0,3,,,FordCa00
J.P. Foschi,FB-TE,2010,0,0,1,2,35,0,0,0,0,0,0,0,0,33,297,2,2,,,FoscJo00
Domonique Foxworth,DB,2011,0,0,2,19,78,0,0,0,0,0,0,0,0,0,0,0,228,8,,FoxwDo20
Todd France,K,2005,0,0,0,1,4,0,0,0,0,0,0,0,0,0,0,0,2,,,franctod01
Aaron Francisco,DB,2010,0,0,1,10,75,0,0,0,0,0,0,0,0,0,0,0,182,4,,FranAa20
Simon Fraser,DE-DT,2008,0,0,0,7,53,0,0,0,0,0,0,0,0,0,0,0,35,,4.5,FrasSi20
Andre Frazier,LB,2009,0,0,0,5,61,0,0,0,0,0,0,0,0,0,0,0,39,,2.0,FrazAn20
Charlie Frye,QB,2009,0,0,1,8,26,419,677,4154,17,29,72,347,4,0,0,0,,,,FryeCh00
Vincent Fuller,DB,2011,0,0,0,8,76,0,0,0,0,0,0,0,0,0,0,0,142,6,2.0,FullVi20
Samkon Gado,RB,2009,0,0,1,8,41,0,1,0,0,0,268,972,11,43,292,1,3,,,GadoSa00
Laroni Gallishaw,DB,2005,0,0,0,0,6,0,0,0,0,0,0,0,0,0,0,0,2,,,GallLa20
Dylan Gandy,G,2013,0,0,1,19,120,0,0,0,0,0,0,0,0,0,0,0,1,,,GandDy20
Eric Ghiaciuc,C,2008,0,0,3,19,48,0,0,0,0,0,0,0,0,0,0,0,,,,GhiaEr20
Matt Giordano,DB,2013,0,0,1,16,116,0,0,0,0,0,1,-5,0,0,0,0,180,11,1.0,GiorMa20
Jonathan Goddard,DE,2005,0,0,0,0,1,0,0,0,0,0,0,0,0,0,0,0,1,,,GoddJo20
Mike Goolsby,LB,2005,0,0,0,0,2,0,0,0,0,0,0,0,0,0,0,0,,,,GoolMi20
Frank Gore,RB,2020,0,5,14,94,241,0,0,0,0,0,3735,16000,81,484,3985,18,,,,GoreFr00
Robbie Gould,K,2021,1,1,0,38,249,0,1,0,0,0,0,0,0,0,0,0,10,,,gouldrob01
Ben Graham,P,2012,0,0,0,13,99,0,1,0,0,0,2,0,0,0,0,0,6,,,GrahBe20
Quinn Gray,QB,2008,0,0,0,6,12,108,188,1328,13,5,25,111,2,0,0,0,,,,GrayQu00
Eric Green,DB,2008,0,0,2,12,51,0,0,0,0,0,0,0,0,0,0,0,152,2,,GreeEr20
Justin Green,FB,2007,0,0,0,0,39,0,0,0,0,0,5,4,0,13,65,0,21,,,GreeJu00
Kris Griffin,LB,2008,0,0,0,4,46,0,0,0,0,0,0,0,0,0,0,0,34,,,GrifKr20
Boomer Grigsby,LB,2008,0,0,0,3,45,0,0,0,0,0,0,0,0,2,14,0,31,,,GrigBo20
Andy Groom,P,2005,0,0,0,0,2,0,0,0,0,0,0,0,0,0,0,0,,,,GrooAn20
Matt Grootegoed,LB,2005,0,0,0,0,3,0,0,0,0,0,0,0,0,0,0,0,2,,,GrooMa20
Gregg Guenther,TE,2005,0,0,0,0,5,0,0,0,0,0,0,0,0,2,13,0,,,,GuenGr00
D.J. Hackett,WR,2008,0,0,0,14,42,0,0,0,0,0,0,0,0,118,1575,9,,,,HackD.00
Dennis Haley,LB,2007,0,0,0,1,15,0,0,0,0,0,0,0,0,0,0,0,11,,,HaleDe20
Remy Hamilton,K,2005,0,0,0,0,1,0,0,0,0,0,0,0,0,0,0,0,1,,,hamilrem01
Geoff Hangartner,C,2013,0,0,5,36,118,0,0,0,0,0,0,0,0,0,0,0,,,,HangGe20
Michael Harden,DB,2005,0,0,0,0,4,0,0,0,0,0,0,0,0,0,0,0,8,,,HardMi20
Jermaine Hardy,DB,2005,0,0,0,0,3,0,0,0,0,0,0,0,0,0,0,0,2,,,HardJe20
Chris Harris,DB,2012,0,0,6,38,101,0,0,0,0,0,0,0,0,0,0,0,352,16,1.0,HarrCh20
Marques Harris,LB,2009,0,0,0,8,64,0,0,0,0,0,0,0,0,0,0,0,69,,10.0,HarrMa20
Michael Hawkins,DB,2006,0,0,0,1,18,0,0,0,0,0,0,0,0,0,0,0,13,,,HawkMi21
Anttaj Hawthorne,DT,2006,0,0,0,1,18,0,0,0,0,0,0,0,0,0,0,0,12,,,HawtAn20
Kelvin Hayden,DB,2012,0,0,4,24,101,0,0,0,0,0,0,0,0,0,0,0,285,12,,HaydKe20
Jovan Haye,DE,2011,0,0,3,25,73,0,0,0,0,0,0,0,0,0,0,0,128,,6.5,HayeJo20
Madison Hedgecock,FB,2010,0,0,4,2,84,0,0,0,0,0,3,2,0,37,233,2,20,,,HedgMa00
Chris Henry,WR,2009,0,0,0,16,55,0,0,0,0,0,0,0,0,119,1826,21,,,,HenrCh00
Todd Herremans,T,2015,0,0,9,51,135,0,0,0,0,0,0,0,0,2,3,2,1,,,HerrTo20
Anthony Herrera,G,2011,0,0,5,30,80,0,0,0,0,0,0,0,0,0,0,0,,,,HerrAn20
Noah Herron,RB,2006,0,0,0,3,23,0,0,0,0,0,85,273,3,29,211,2,10,,,HerrNo00
LeRoy Hill,LB,2012,0,0,6,37,97,0,0,0,0,0,0,0,0,0,0,0,379,,20.0,HillLe20
Reynaldo Hill,DB,2008,0,0,2,11,48,0,0,0,0,0,0,0,0,0,0,0,99,6,,HillRe21
Shaun Hill,QB,2016,0,0,2,22,49,757,1225,8295,49,30,91,326,4,1,0,0,5,,,HillSh00
Ellis Hobbs,DB,2010,0,0,4,28,79,0,0,0,0,0,0,0,0,0,0,0,185,10,2.5,HobbEl20
Drew Hodgdon,C,2007,0,0,0,3,14,0,0,0,0,0,0,0,0,0,0,0,,,,HodgDr20
Reggie Hodges,P,2012,0,0,0,5,64,0,0,0,0,0,2,68,0,0,0,0,2,,,HodgRe20
Carlyle Holiday,WR,2007,0,0,0,1,10,0,1,0,0,0,0,0,0,9,126,0,1,,,HoliCa00
Daven Holly,DB,2007,0,0,1,10,32,0,0,0,0,0,0,0,0,0,0,0,100,5,,HollDa22
Alex Holmes,TE,2005,0,0,0,0,8,0,0,0,0,0,0,0,0,1,2,0,,,,HolmAl00
Cedric Houston,RB,2006,0,0,0,5,20,0,0,0,0,0,194,676,7,15,109,0,1,,,HousCe00
Tory Humphrey,TE,2010,0,0,1,2,31,0,0,0,0,0,0,0,0,13,181,0,8,,,HumpTo00
Will Hunter,DB,2006,0,0,0,2,23,0,0,0,0,0,0,0,0,0,0,0,16,,,HuntWi20
Johnathan Ingram,C,2005,0,0,0,0,4,0,0,0,0,0,0,0,0,0,0,0,,,,IngrJo20
Paul Irons,TE,2005,0,0,0,0,2,0,0,0,0,0,0,0,0,2,16,0,,,,IronPa00
Jamaal Jackson,C-G,2011,0,0,4,34,88,0,0,0,0,0,0,0,0,0,0,0,,,,JackJa21
Marlin Jackson,DB,2009,0,0,2,14,56,0,0,0,0,0,0,0,0,0,0,0,224,4,0.5,JackMa22
Vincent Jackson,WR,2016,0,3,8,77,155,0,0,0,0,0,15,161,0,540,9080,57,2,,,JackVi00
Brandon Jacobs,RB,2013,0,0,3,36,109,0,0,0,0,0,1141,5094,60,82,743,4,11,,,JacoBr00
Erasmus James,DE,2008,0,0,1,6,28,0,0,0,0,0,0,0,0,0,0,0,31,,5.0,JameEr20
Jason Jefferson,DT,2008,0,0,0,3,34,0,0,0,0,0,0,0,0,0,0,0,21,,,JeffJa21
Chris Johnson,DB,2012,0,0,1,15,77,0,0,0,0,0,0,0,0,0,0,0,178,8,,JohnCh26
Darrien Johnson,DB,2005,0,0,0,0,8,0,0,0,0,0,0,0,0,0,0,0,2,,,JohnDa22
Derrick Johnson,DB,2006,0,0,0,2,19,0,0,0,0,0,0,0,0,0,0,0,36,,1.0,JohnDe24
Derrick Johnson,LB,2018,1,4,11,80,188,0,0,0,0,0,0,0,0,0,0,0,955,14,27.5,JohnDe25
Marcus Johnson,G-T,2009,0,0,1,8,53,0,0,0,0,0,0,0,0,0,0,0,,,,JohnMa20
Thomas Johnson,DT-DE,2009,0,0,1,7,26,0,0,0,0,0,0,0,0,0,0,0,32,,2.0,JohnTh20
Travis Johnson,DT,2010,0,0,3,17,76,0,0,0,0,0,0,0,0,0,0,0,109,1,3.0,JohnTr20
Adam Jones,DB,2018,1,1,6,50,146,0,0,0,0,0,2,8,0,2,31,0,421,17,3.0,JonePa20
Aki Jones,DE-DT,2005,0,0,0,0,4,0,0,0,0,0,0,0,0,0,0,0,1,,,JoneAk20
Brandon Jones,WR,2009,0,0,2,11,59,0,0,0,0,0,6,76,0,113,1398,9,,,,JoneBr02
Jamal Jones,WR,2006,0,0,0,1,14,0,0,0,0,0,0,0,0,6,108,1,7,,,JoneJa02
Matt Jones,WR,2008,0,0,1,22,54,2,3,12,0,0,14,36,0,166,2153,15,,,,JoneMa00
Sean Jones,DB,2011,0,0,6,31,107,0,0,0,0,0,0,0,0,0,0,0,380,17,4.0,JoneSe20
Nick Kaczur,T-G,2009,0,0,5,37,68,0,0,0,0,0,0,0,0,0,0,0,,,,KaczNi20
Matt Katula,C,2011,0,0,0,10,93,0,0,0,0,0,0,0,0,0,0,0,16,,,KatuMa20
Zak Keasey,LB,2008,0,0,0,3,20,0,0,0,0,0,2,4,0,3,25,0,10,,,KeasZa20
Eric King,DB,2010,0,0,0,4,63,0,0,0,0,0,0,0,0,0,0,0,69,,,KingEr20
Kliff Kingsbury,QB,2005,0,0,0,0,1,1,2,17,0,0,0,0,0,0,0,0,,,,KingKl00
Chris Kluwe,P,2012,0,0,0,16,127,1,1,27,0,0,3,-19,0,0,0,0,7,,,KluwCh20
Michael Koenen,P,2014,0,0,0,11,160,0,2,0,0,0,1,0,0,0,0,0,23,,,koenemic01
L.P. Ladouceur,LS,2020,0,1,0,12,253,0,0,0,0,0,0,0,0,0,0,0,16,,,LadoL.20
Luke Lawton,RB,2009,0,0,1,0,44,0,0,0,0,0,5,13,0,17,90,1,11,,,LawtLu00
John Leake,LB,2006,0,0,0,2,25,0,0,0,0,0,0,0,0,0,0,0,12,,,LeakJo20
Norman LeJeune,DB,2006,0,0,0,0,7,0,0,0,0,0,0,0,0,0,0,0,2,,,LeJeNo20
Brad Lekkerkerker,T,2005,0,0,0,0,1,0,0,0,0,0,0,0,0,0,0,0,,,,LekkBr20
Cory Lekkerkerker,T,2007,0,0,0,4,26,0,0,0,0,0,0,0,0,0,0,0,,,,LekkCo20
Cleo Lemon,QB,2008,0,0,1,6,15,211,379,2185,8,7,36,106,4,0,0,0,,,,LemoCl00
Jim Leonhard,DB,2014,0,0,4,31,142,0,0,0,0,0,0,0,0,0,0,0,332,14,4.5,LeonJi23
Jeremy LeSueur,DB,2005,0,0,0,0,2,0,0,0,0,0,0,0,0,0,0,0,,,,LeSuJe20
Khari Long,DE,2005,0,0,0,0,1,0,0,0,0,0,0,0,0,0,0,0,,,,LongKh20
Chad Lucas,WR,2007,0,0,0,1,3,0,0,0,0,0,0,0,0,5,82,0,,,,LucaCh00
Shawn Lynch,C,2005,0,0,0,1,2,0,0,0,0,0,0,0,0,0,0,0,,,,LyncSh20
Alfred Malone,DE,2008,0,0,0,0,8,0,0,0,0,0,0,0,0,0,0,0,10,,1.5,MaloAl20
Logan Mankins,G,2015,1,7,11,102,161,0,0,0,0,0,0,0,0,1,-9,0,,,,MankLo20
Roy Manning,LB,2007,0,0,0,2,21,0,0,0,0,0,0,0,0,0,0,0,18,,,MannRo21
Keyonta Marshall,DT,2005,0,0,0,0,1,0,0,0,0,0,0,0,0,0,0,0,,,,MarsKe20
Rasheed Marshall,WR,2005,0,0,0,0,12,0,0,0,0,0,1,-7,0,1,-1,0,1,,,MarsRa00
Glenn Martinez,WR,2009,0,0,0,3,26,0,0,0,0,0,0,0,0,18,218,0,7,,,MartGl00
Evan Mathis,G,2016,1,2,6,46,134,0,0,0,0,0,0,0,0,0,0,0,,,,MathEv20
Jerome Mathis,WR,2007,1,1,0,4,17,0,0,0,0,0,0,0,0,6,80,1,,,,MathJe00
Matt Mauck,QB,2005,0,0,0,1,2,15,27,136,0,1,7,39,0,0,0,0,,,,MaucMa00
Marcus Maxwell,WR,2007,0,0,0,0,9,0,0,0,0,0,0,0,0,1,5,0,2,,,MaxwMa00
Matt McChesney,DT,2008,0,0,0,0,4,0,0,0,0,0,0,0,0,0,0,0,3,,,McChMa20
LeRon McCoy,WR,2005,0,0,0,1,10,0,0,0,0,0,0,0,0,18,191,1,,,,McCoLe00
Matt McCoy,LB,2011,0,0,1,9,65,0,0,0,0,0,0,0,0,0,0,0,110,,2.0,McCoMa20
Robert McCune,LB,2008,0,0,0,0,8,0,0,0,0,0,0,0,0,0,0,0,9,,,McCuRo20
Bryant McFadden,DB,2011,0,0,3,27,96,0,0,0,0,0,1,-2,0,0,0,0,272,9,4.0,McFaBr20
Brandon McGowan,DB,2009,0,0,1,10,41,0,0,0,0,0,0,0,0,0,0,0,150,2,,McGoBr21
Corey McIntyre,FB,2012,0,0,1,1,107,0,0,0,0,0,9,39,1,16,109,0,52,,,McInCo00
Chris McKenzie,DB,2005,0,0,0,0,3,0,0,0,0,0,0,0,0,0,0,0,4,,1.0,McKeCh20
David McMillan,DE,2007,0,0,0,2,29,0,0,0,0,0,0,0,0,0,0,0,5,,,McMiDa20
Shawne Merriman,LB,2012,1,3,4,40,75,0,0,0,0,0,0,0,0,0,0,0,196,1,45.5,MerrSh99
Heath Miller,TE,2015,0,2,11,45,168,0,0,0,0,0,2,8,0,592,6569,45,1,,,MillHe00
Justin Miller,DB,2012,0,1,0,15,46,0,0,0,0,0,0,0,0,0,0,0,81,,,MillJu99
Lance Mitchell,LB,2005,0,0,0,1,12,0,0,0,0,0,0,0,0,0,0,0,7,,,MitcLa20
Ryan Moats,RB,2009,0,0,0,7,38,0,0,0,0,0,204,831,8,20,127,1,14,,,MoatRy00
Mike Montgomery,DT,2010,0,0,1,8,58,0,0,0,0,0,0,0,0,0,0,0,87,,5.0,MontMi20
Eric Moore,DE,2011,0,0,0,5,35,0,0,0,0,0,0,0,0,0,0,0,34,,4.0,MoorEr21
Vernand Morency,RB,2007,0,0,0,8,39,0,0,0,0,0,171,726,4,57,404,0,7,,,MoreVe00
Donovan Morgan,WR,2005,0,0,0,0,3,0,0,0,0,0,0,0,0,4,42,0,,,,MorgDo00
Matt Morgan,T,2005,0,0,0,0,1,0,0,0,0,0,0,0,0,0,0,0,,,,MorgMa20
Steve Morley,T,2005,0,0,0,0,7,0,0,0,0,0,0,0,0,0,0,0,,,,MorlSt20
Kirk Morrison,LB,2012,0,0,6,38,112,0,0,0,0,0,0,0,0,0,0,0,572,7,6.0,MorrKi20
C.J. Mosley,DT,2015,0,0,1,21,140,0,0,0,0,0,0,0,0,0,0,0,141,,14.0,MoslC.20
Scott Mruczkowski,C,2011,0,0,1,15,83,0,0,0,0,0,0,0,0,0,0,0,,,,MrucSc20
Terrence Murphy,WR,2005,0,0,0,0,3,0,0,0,0,0,0,0,0,5,36,0,,,,MurpTe00
Chris Myers,G,2014,0,2,8,59,153,0,0,0,0,0,0,0,0,0,0,0,,,,MyerCh20
Ryan Myers,LB,2006,0,0,0,1,18,0,0,0,0,0,0,0,0,0,0,0,8,,,MyerRy20
Damien Nash,RB,2006,0,0,0,1,6,0,0,0,0,0,24,98,0,7,55,0,,,,NashDa00
Cam Newton,DB,2006,0,0,0,0,9,0,0,0,0,0,0,0,0,0,0,0,4,,,NewtCa20
Donte Nicholson,DB,2008,0,0,0,1,16,0,0,0,0,0,0,0,0,0,0,0,11,,,NichDo20
Doug Nienhuis,T,2005,0,0,0,0,7,0,0,0,0,0,0,0,0,0,0,0,,,,NienDo20
Zach Norton,DB,2005,0,0,0,0,3,0,0,0,0,0,0,0,0,0,0,0,1,,,NortZa20
Nick Novak,K,2017,0,0,0,17,118,0,0,0,0,0,0,0,0,0,0,0,10,,,novaknic01
Mike Nugent,K,2020,0,0,0,22,172,0,0,0,0,0,0,0,0,0,0,0,14,,,nugenmik01
Evan Oglesby,DB,2010,0,0,0,2,38,0,0,0,0,0,0,0,0,0,0,0,31,,,OgleEv20
Dan Orlovsky,QB,2015,0,0,1,7,26,298,512,3132,15,13,13,34,0,0,0,0,,,,OrloDa00
Kyle Orton,QB,2014,0,0,5,40,87,1613,2712,18037,101,69,126,296,4,0,0,0,,,,OrtoKy00
Chad Owens,WR,2007,0,0,0,0,6,0,0,0,0,0,0,0,0,0,0,0,2,,,OwenCh00
J'Vonne Parker,DT,2008,0,0,0,1,11,0,0,0,0,0,0,0,0,0,0,0,4,,,ParkJV20
Roscoe Parrish,WR,2012,0,0,0,14,90,1,1,3,0,0,14,71,1,134,1502,7,1,,,ParrRo00
Rich Parson,WR,2005,0,0,0,0,1,0,0,0,0,0,0,0,0,0,0,0,,,,ParsRi20
Dimitri Patterson,DB,2013,0,0,1,14,79,0,0,0,0,0,0,0,0,0,0,0,163,9,2.0,PattDi20
Mike Patterson,DT,2014,0,0,6,48,147,0,0,0,0,0,0,0,0,0,0,0,287,1,16.5,PattMi20
Karl Paymah,DB,2010,0,0,0,6,74,0,0,0,0,0,0,0,0,0,0,0,115,3,,PaymKa20
Jarrett Payton,RB,2005,0,0,0,1,13,0,0,0,0,0,33,105,2,6,30,0,2,,,PaytJa00
Alvin Pearman,RB,2009,0,0,0,5,38,0,0,0,0,0,58,238,2,36,276,1,10,,,PearAl00
Antonio Perkins,DB,2006,0,0,0,0,6,0,0,0,0,0,0,0,0,0,0,0,2,,,PerkAn20
Bruce Perry,RB,2006,0,0,0,0,5,0,0,0,0,0,16,74,0,0,0,0,1,,,PerrBr01
Tab Perry,WR,2007,0,0,0,1,20,0,0,0,0,0,6,22,1,10,109,1,12,,,PerrTa00
Stephen Peterman,G,2012,0,0,6,34,90,0,0,0,0,0,0,0,0,0,0,0,,,,PeteSt20
Rob Petitti,T,2010,0,0,1,9,27,0,0,0,0,0,0,0,0,0,0,0,,,,PetiRo20
David Pollack,LB,2006,0,0,0,3,16,0,0,0,0,0,0,0,0,0,0,0,22,,4.5,PollDa20
Brodney Pool,DB,2011,0,0,4,27,100,0,0,0,0,0,0,0,0,0,0,0,294,13,5.5,PoolBr20
Brady Poppinga,LB,2012,0,0,4,25,100,0,0,0,0,0,0,0,0,0,0,0,226,2,5.0,PoppBr20
Sione Pouha,DT,2012,0,0,4,36,106,0,0,0,0,0,0,0,0,0,0,0,193,,4.5,PouhSi20
Duke Preston,C,2008,0,0,1,11,59,0,0,0,0,0,0,0,0,0,0,0,,,,PresDu20
Marcus Randall,DB,2005,0,0,0,0,3,0,0,0,0,0,0,0,0,0,0,0,2,,,RandMa20
Jay Ratliff,DE,2015,1,4,7,55,122,0,0,0,0,0,0,0,0,0,0,0,195,,35.0,RatlJa20
Dave Rayner,K,2011,0,0,0,3,59,0,0,0,0,0,0,0,0,0,0,0,9,,,raynedav01
Darrell Reid,DE,2009,0,0,0,8,71,0,0,0,0,0,0,0,0,0,0,0,93,,6.5,ReidDa20
Lamont Reid,DB,2005,0,0,0,1,10,0,0,0,0,0,0,0,0,0,0,0,19,,,ReidLa20
Kerry Rhodes,DB,2012,0,0,7,49,118,0,0,0,0,0,0,0,0,0,0,0,490,23,13.0,RhodKe20
Ryan Riddle,DE,2006,0,0,0,1,17,0,0,0,0,0,0,0,0,0,0,0,7,,,RiddRy20
Dante Ridgeway,WR,2005,0,0,0,0,8,0,0,0,0,0,0,0,0,2,26,0,,,,RidgDa00
Constantin Ritzmann,DE,2005,0,0,0,0,1,0,0,0,0,0,0,0,0,0,0,0,,,,RitzCo20
Chris Roberson,DB,2008,0,0,0,0,7,0,0,0,0,0,0,0,0,0,0,0,2,,,RobeCh20
Derreck Robinson,DE,2010,0,0,0,2,40,0,0,0,0,0,0,0,0,0,0,0,27,,2.0,RobiDe21
Courtney Roby,WR,2014,0,0,0,4,92,0,0,0,0,0,3,19,0,26,343,1,45,,,RobyCo00
Aaron Rodgers,QB,2021,4,10,13,159,213,4651,7118,55360,449,93,685,3372,34,3,-11,0,,,,RodgAa00
Carlos Rogers,DB,2014,0,1,7,47,133,0,0,0,0,0,0,0,0,0,0,0,415,17,1.0,RogeCa20
Antrel Rolle,DB,2015,0,3,9,57,155,0,0,0,0,0,1,9,0,1,9,0,709,26,4.0,RollAn20
Michael Roos,T,2014,1,1,9,63,148,0,0,0,0,0,0,0,0,1,-7,0,,,,RoosMi20
Dedrick Roper,LB,2006,0,0,0,1,14,0,0,0,0,0,0,0,0,0,0,0,6,,,RopeDe20
Matt Roth,DE,2011,0,0,5,27,96,0,0,0,0,0,0,0,0,0,0,0,216,,23.5,RothMa20
Stanford Routt,DB,2012,0,0,3,22,119,0,0,0,0,0,0,0,0,0,0,0,232,12,2.0,RoutSt20
Barrett Ruud,LB,2012,0,0,5,41,116,0,0,0,0,0,0,0,0,0,0,0,479,7,6.0,RuudBa20
B.J. Sander,P,2005,0,0,0,1,14,1,1,4,0,0,1,-11,0,0,0,0,,,,SandB.20
James Sanders,DB,2012,0,0,2,25,114,0,0,0,0,0,0,0,0,0,0,0,252,8,1.0,SandJa21
Bo Scaife,TE,2010,0,0,4,20,90,0,0,0,0,0,1,13,1,251,2383,12,,,,ScaiBo00
Guss Scott,DB,2006,0,0,0,1,11,0,0,0,0,0,0,0,0,0,0,0,32,,,ScotGu20
Gerald Sensabaugh,DB,2012,0,0,5,31,112,0,0,0,0,0,0,0,0,0,0,0,327,14,2.0,SensGe20
Adam Seward,LB,2009,0,0,0,4,43,0,0,0,0,0,0,0,0,0,0,0,40,,,SewaAd20
Ernest Shazor,DB,2005,0,0,0,0,2,0,0,0,0,0,0,0,0,0,0,0,1,,,ShazEr20
Darrell Shropshire,DT,2006,0,0,0,2,23,0,0,0,0,0,0,0,0,0,0,0,23,,3.0,ShroDa20
Wes Sims,G,2005,0,0,0,0,1,0,0,0,0,0,0,0,0,0,0,0,,,,SimsWe20
O.J. Small,WR,2005,0,0,0,0,2,0,0,0,0,0,0,0,0,1,6,0,,,,SmalO.00
Alex Smith,TE,2015,0,0,3,11,124,0,0,0,0,0,0,0,0,163,1473,13,4,,,SmitAl02
Alex Smith,QB,2020,0,3,14,98,174,3250,5193,35650,199,109,580,2604,15,3,-7,0,,,,SmitAl03
Mike Smith,LB,2006,0,0,0,1,14,0,0,0,0,0,0,0,0,0,0,0,5,,,SmitMi22
Trent Smith,TE,2005,0,0,0,0,5,0,0,0,0,0,0,0,0,3,7,0,,,,SmitTr01
Adam Snyder,T-G,2014,0,0,5,34,141,0,0,0,0,0,0,0,0,0,0,0,,,,SnydAd20
Isaac Sopoaga,DT,2013,0,0,5,38,139,0,0,0,0,0,0,0,0,1,18,0,158,,8.5,SopoIs20
Stephen Spach,TE,2012,0,0,1,0,60,0,0,0,0,0,0,0,0,22,137,0,2,,,SpacSt00
Marcus Spears,DE,2013,0,0,6,36,124,0,0,0,0,0,0,0,0,0,0,0,143,,10.0,SpeaMa21
Nick Speegle,LB,2006,0,0,0,1,16,0,0,0,0,0,0,0,0,0,0,0,9,,,SpeeNi20
Chris Spencer,C,2014,0,0,6,38,137,0,0,0,0,0,0,0,0,0,0,0,,,,SpenCh21
Darren Sproles,RB,2019,0,3,1,62,183,0,0,0,0,0,732,3552,23,553,4840,32,2,,,SproDa00
Scott Starks,DB,2009,0,0,0,4,54,0,0,0,0,0,0,0,0,0,0,0,57,2,,StarSc20
Shaun Suisham,K,2014,0,0,0,19,128,0,0,0,0,0,2,-13,0,0,0,0,18,,,suishsha01
Will Svitek,T,2014,0,0,1,14,79,0,0,0,0,0,0,0,0,0,0,0,,,,SvitWi20
Bill Swancutt,DE,2005,0,0,0,0,8,0,0,0,0,0,0,0,0,0,0,0,,,,SwanBi20
Thatcher Szalay,G,2005,0,0,0,0,5,0,0,0,0,0,0,0,0,0,0,0,,,,SzalTh20
Lofa Tatupu,LB,2010,1,3,5,49,84,0,0,0,0,0,0,0,0,0,0,0,410,10,8.5,TatuLo99
Eric Taylor,DT,2005,0,0,0,0,1,0,0,0,0,0,0,0,0,0,0,0,,,,TaylEr20
Claude Terrell,G,2007,0,0,1,6,20,0,0,0,0,0,0,0,0,0,0,0,,,,TerrCl20
Adam Terry,T,2010,0,0,0,9,50,0,0,0,0,0,0,0,0,0,0,0,,,,TerrAd20
Pat Thomas,LB,2008,0,0,1,5,31,0,0,0,0,0,0,0,0,0,0,0,53,,0.5,ThomPa20
Sloan Thomas,WR,2005,0,0,0,0,1,0,0,0,0,0,0,0,0,0,0,0,2,,,ThomSl00
Chris Thompson,DB,2005,0,0,0,1,12,0,0,0,0,0,0,0,0,0,0,0,7,,,ThomCh24
Dominique Thompson,WR,2005,0,0,0,0,2,0,0,0,0,0,0,0,0,1,13,0,,,,ThomDo01
Tyson Thompson,RB,2007,0,0,0,1,30,0,0,0,0,0,73,266,1,3,16,0,2,,,ThomTy00
Jeremy Thornburg,DB,2005,0,0,0,0,6,0,0,0,0,0,0,0,0,0,0,0,6,,,ThorJe20
Odell Thurman,LB,2005,0,0,1,7,16,0,0,0,0,0,0,0,0,0,0,0,68,5,1.5,ThurOd20
Leigh Torrence,DB,2011,0,0,0,5,73,0,0,0,0,0,0,0,0,0,0,0,112,2,3.5,TorrLe20
Ahmad Treaudo,DB,2005,0,0,0,0,1,0,0,0,0,0,0,0,0,0,0,0,1,,,TreaAh20
Justin Tuck,DE,2015,1,2,7,65,147,0,0,0,0,0,0,0,0,0,0,0,354,3,66.5,TuckJu20
B.J. Tucker,DB,2006,0,0,0,0,10,0,0,0,0,0,0,0,0,0,0,0,15,,,TuckB.20
Matt Ulrich,G,2006,0,0,0,2,10,0,0,0,0,0,0,0,0,0,0,0,,,,UlriMa20
Marviel Underwood,DB,2005,0,0,0,1,16,0,0,0,0,0,0,0,0,0,0,0,28,,,UndeMa20
Ben Utecht,TE,2008,0,0,3,11,51,0,0,0,0,0,0,0,0,87,923,3,,,,UtecBe00
Bradlee Van Pelt,QB,2005,0,0,0,0,3,2,8,7,0,0,11,48,1,0,0,0,,,,VanPBr00
Jimmy Verdon,DT,2005,0,0,0,0,4,0,0,0,0,0,0,0,0,0,0,0,,,,VerdJi20
Rian Wallace,LB,2006,0,0,0,2,16,0,0,0,0,0,0,0,0,0,0,0,7,1,,WallRi20
Seneca Wallace,QB,2013,0,0,1,14,64,468,788,4947,31,19,68,293,1,6,106,0,,,,WallSe00
B.J. Ward,DB,2007,0,0,0,2,19,0,0,0,0,0,0,0,0,0,0,0,13,,,WardB.20
DeMarcus Ware,LB,2016,4,9,11,100,178,0,0,0,0,0,0,0,0,0,0,0,505,3,138.5,WareDe99
Greg Warren,C,2016,0,0,0,20,181,0,0,0,0,0,0,0,0,0,0,0,11,,,WarrGr20
Fabian Washington,DB,2010,0,0,4,20,81,0,0,0,0,0,0,0,0,0,0,0,204,6,,WashFa20
Nate Washington,WR,2015,0,0,7,48,159,0,0,0,0,0,14,38,1,458,6954,44,,,,WashNa00
Leonard Weaver,RB,2010,1,1,0,10,63,0,0,0,0,0,151,679,3,75,687,4,5,,,WeavLe00
Corey Webster,DB,2013,0,0,6,33,121,0,0,0,0,0,0,0,0,0,0,0,333,20,2.0,WebsCo20
Jonathan Welsh,DE,2005,0,0,0,0,6,0,0,0,0,0,0,0,0,0,0,0,2,,,WelsJo20
Chris White,C,2010,0,0,1,7,33,0,0,0,0,0,0,0,0,0,0,0,,,,WhitCh22
Roddy White,WR,2015,1,4,10,88,171,0,0,0,0,0,9,19,0,808,10863,63,2,,,WhitRo00
Will Whitticker,G,2005,0,0,1,6,15,0,0,0,0,0,0,0,0,0,0,0,,,,WhitWi25
Cadillac Williams,RB,2011,0,0,4,28,81,0,0,0,0,0,1055,4038,21,148,1002,4,,,,WillCa02
Darrent Williams,DB,2006,0,0,2,11,27,0,0,0,0,0,0,0,0,0,0,0,125,6,1.0,WillDa21
Harry Williams,WR,2007,0,0,0,0,3,0,0,0,0,0,0,0,0,0,0,0,2,,,WillHa20
Mike Williams,WR,2011,0,0,2,12,56,0,0,0,0,0,1,0,0,127,1526,5,,,,WillMi03
Roydell Williams,WR,2010,0,0,1,10,56,0,0,0,0,0,2,-17,0,92,1248,6,5,,,WillRo05
Troy Williamson,WR,2009,0,0,1,8,49,0,0,0,0,0,6,58,0,87,1131,4,3,,,WillTr01
Ray Willis,T,2009,0,0,1,10,44,0,0,0,0,0,0,0,0,0,0,0,,,,WillRa22
George Wilson,SS,2014,0,0,5,26,124,0,0,0,0,0,1,6,0,0,0,0,391,14,4.5,WilsGe01
Stanley Wilson,DB,2007,0,0,0,5,32,0,0,0,0,0,0,0,0,0,0,0,64,,,WilsSt20
Derrick Wimbush,RB,2006,0,0,0,1,26,0,0,0,0,0,4,15,1,9,49,0,11,,,WimbDe00
Jerron Wishom,DB,2005,0,0,0,0,5,0,0,0,0,0,0,0,0,0,0,0,6,,,WishJe20
Zac Woodfin,LB,2005,0,0,0,0,1,0,0,0,0,0,0,0,0,0,0,0,1,,,WoodZa20
Cornelius Wortham,LB,2005,0,0,0,1,8,0,0,0,0,0,0,0,0,0,0,0,2,,,WortCo20
Manuel Wright,DT,2007,0,0,0,0,9,0,0,0,0,0,0,0,0,0,0,0,3,,1.0,WrigMa20
Mike Wright,DT-DE,2011,0,0,0,18,81,0,0,0,0,0,0,0,0,0,0,0,100,,15.0,WrigMi20